"Label (Grouping)","Alameda County, California!!Number!!Estimate","Alameda County, California!!Percent Distribution!!Estimate","Alameda County, California!!Median income (dollars)!!Estimate","Butte County, California!!Number!!Estimate","Butte County, California!!Percent Distribution!!Estimate","Butte County, California!!Median income (dollars)!!Estimate","Contra Costa County, California!!Number!!Estimate","Contra Costa County, California!!Percent Distribution!!Estimate","Contra Costa County, California!!Median income (dollars)!!Estimate","El Dorado County, California!!Number!!Estimate","El Dorado County, California!!Percent Distribution!!Estimate","El Dorado County, California!!Median income (dollars)!!Estimate","Fresno County, California!!Number!!Estimate","Fresno County, California!!Percent Distribution!!Estimate","Fresno County, California!!Median income (dollars)!!Estimate","Humboldt County, California!!Number!!Estimate","Humboldt County, California!!Percent Distribution!!Estimate","Humboldt County, California!!Median income (dollars)!!Estimate","Imperial County, California!!Number!!Estimate","Imperial County, California!!Percent Distribution!!Estimate","Imperial County, California!!Median income (dollars)!!Estimate","Kern County, California!!Number!!Estimate","Kern County, California!!Percent Distribution!!Estimate","Kern County, California!!Median income (dollars)!!Estimate","Kings County, California!!Number!!Estimate","Kings County, California!!Percent Distribution!!Estimate","Kings County, California!!Median income (dollars)!!Estimate","Lake County, California!!Number!!Estimate","Lake County, California!!Percent Distribution!!Estimate","Lake County, California!!Median income (dollars)!!Estimate","Los Angeles County, California!!Number!!Estimate","Los Angeles County, California!!Percent Distribution!!Estimate","Los Angeles County, California!!Median income (dollars)!!Estimate","Madera County, California!!Number!!Estimate","Madera County, California!!Percent Distribution!!Estimate","Madera County, California!!Median income (dollars)!!Estimate","Marin County, California!!Number!!Estimate","Marin County, California!!Percent Distribution!!Estimate","Marin County, California!!Median income (dollars)!!Estimate","Mendocino County, California!!Number!!Estimate","Mendocino County, California!!Percent Distribution!!Estimate","Mendocino County, California!!Median income (dollars)!!Estimate","Merced County, California!!Number!!Estimate","Merced County, California!!Percent Distribution!!Estimate","Merced County, California!!Median income (dollars)!!Estimate","Monterey County, California!!Number!!Estimate","Monterey County, California!!Percent Distribution!!Estimate","Monterey County, California!!Median income (dollars)!!Estimate","Napa County, California!!Number!!Estimate","Napa County, California!!Percent Distribution!!Estimate","Napa County, California!!Median income (dollars)!!Estimate","Nevada County, California!!Number!!Estimate","Nevada County, California!!Percent Distribution!!Estimate","Nevada County, California!!Median income (dollars)!!Estimate","Orange County, California!!Number!!Estimate","Orange County, California!!Percent Distribution!!Estimate","Orange County, California!!Median income (dollars)!!Estimate","Placer County, California!!Number!!Estimate","Placer County, California!!Percent Distribution!!Estimate","Placer County, California!!Median income (dollars)!!Estimate","Riverside County, California!!Number!!Estimate","Riverside County, California!!Percent Distribution!!Estimate","Riverside County, California!!Median income (dollars)!!Estimate","Sacramento County, California!!Number!!Estimate","Sacramento County, California!!Percent Distribution!!Estimate","Sacramento County, California!!Median income (dollars)!!Estimate","San Bernardino County, California!!Number!!Estimate","San Bernardino County, California!!Percent Distribution!!Estimate","San Bernardino County, California!!Median income (dollars)!!Estimate","San Diego County, California!!Number!!Estimate","San Diego County, California!!Percent Distribution!!Estimate","San Diego County, California!!Median income (dollars)!!Estimate","San Francisco County, California!!Number!!Estimate","San Francisco County, California!!Percent Distribution!!Estimate","San Francisco County, California!!Median income (dollars)!!Estimate","San Joaquin County, California!!Number!!Estimate","San Joaquin County, California!!Percent Distribution!!Estimate","San Joaquin County, California!!Median income (dollars)!!Estimate","San Luis Obispo County, California!!Number!!Estimate","San Luis Obispo County, California!!Percent Distribution!!Estimate","San Luis Obispo County, California!!Median income (dollars)!!Estimate","San Mateo County, California!!Number!!Estimate","San Mateo County, California!!Percent Distribution!!Estimate","San Mateo County, California!!Median income (dollars)!!Estimate","Santa Barbara County, California!!Number!!Estimate","Santa Barbara County, California!!Percent Distribution!!Estimate","Santa Barbara County, California!!Median income (dollars)!!Estimate","Santa Clara County, California!!Number!!Estimate","Santa Clara County, California!!Percent Distribution!!Estimate","Santa Clara County, California!!Median income (dollars)!!Estimate","Santa Cruz County, California!!Number!!Estimate","Santa Cruz County, California!!Percent Distribution!!Estimate","Santa Cruz County, California!!Median income (dollars)!!Estimate","Shasta County, California!!Number!!Estimate","Shasta County, California!!Percent Distribution!!Estimate","Shasta County, California!!Median income (dollars)!!Estimate","Solano County, California!!Number!!Estimate","Solano County, California!!Percent Distribution!!Estimate","Solano County, California!!Median income (dollars)!!Estimate","Sonoma County, California!!Number!!Estimate","Sonoma County, California!!Percent Distribution!!Estimate","Sonoma County, California!!Median income (dollars)!!Estimate","Stanislaus County, California!!Number!!Estimate","Stanislaus County, California!!Percent Distribution!!Estimate","Stanislaus County, California!!Median income (dollars)!!Estimate","Sutter County, California!!Number!!Estimate","Sutter County, California!!Percent Distribution!!Estimate","Sutter County, California!!Median income (dollars)!!Estimate","Tehama County, California!!Number!!Estimate","Tehama County, California!!Percent Distribution!!Estimate","Tehama County, California!!Median income (dollars)!!Estimate","Tulare County, California!!Number!!Estimate","Tulare County, California!!Percent Distribution!!Estimate","Tulare County, California!!Median income (dollars)!!Estimate","Ventura County, California!!Number!!Estimate","Ventura County, California!!Percent Distribution!!Estimate","Ventura County, California!!Median income (dollars)!!Estimate","Yolo County, California!!Number!!Estimate","Yolo County, California!!Percent Distribution!!Estimate","Yolo County, California!!Median income (dollars)!!Estimate","Yuba County, California!!Number!!Estimate","Yuba County, California!!Percent Distribution!!Estimate","Yuba County, California!!Median income (dollars)!!Estimate"
"HOUSEHOLD INCOME BY RACE AND HISPANIC OR LATINO ORIGIN OF HOUSEHOLDER","","","","","","","","","","","","","","","","","","","","","","","","","","","","","","","","","","","","","","","","","","","","","","","","","","","","","","","","","","","","","","","","","","","","","","","","","","","","","","","","","","","","","","","","","","","","","","","","","","","","","","","","","","","","","","","","","","","","","","","","","","",""
"    Households","585,632","585,632","108,322","77,651","77,651","62,563","399,792","399,792","107,135","74,216","74,216","87,059","315,974","315,974","57,518","55,692","55,692","51,662","48,182","48,182","48,472","272,888","272,888","53,067","44,761","44,761","58,453","25,968","25,968","47,138","3,328,398","3,328,398","72,797","44,387","44,387","64,827","105,298","105,298","110,843","34,478","34,478","51,744","80,645","80,645","61,167","128,227","128,227","77,514","48,107","48,107","92,769","39,365","39,365","68,818","1,044,280","1,044,280","95,934","147,236","147,236","97,723","734,948","734,948","73,260","556,752","556,752","72,017","644,758","644,758","67,903","1,132,434","1,132,434","83,985","365,851","365,851","123,859","230,241","230,241","68,997","106,512","106,512","77,265","265,003","265,003","138,500","146,466","146,466","75,653","643,637","643,637","133,076","97,710","97,710","89,269","72,714","72,714","63,091","150,393","150,393","86,652","190,689","190,689","87,828","174,698","174,698","63,037","33,039","33,039","62,777","25,310","25,310","53,475","144,109","144,109","57,692","268,524","268,524","92,236","76,075","76,075","71,417","26,827","26,827","58,765"
"        One race--","","","","","","","","","","","","","","","","","","","","","","","","","","","","","","","","","","","","","","","","","","","","","","","","","","","","","","","","","","","","","","","","","","","","","","","","","","","","","","","","","","","","","","","","","","","","","","","","","","","","","","","","","","","","","","","","","","","","","","","","","","",""
"            White","262,721","44.9%","117,142","67,091","86.4%","63,948","241,445","60.4%","115,561","67,223","90.6%","86,613","215,902","68.3%","60,315","46,522","83.5%","52,639","35,135","72.9%","48,119","201,637","73.9%","56,083","35,798","80.0%","59,201","22,027","84.8%","46,969","1,868,853","56.1%","79,304","32,980","74.3%","69,395","89,935","85.4%","120,828","31,472","91.3%","51,525","48,106","59.7%","64,797","73,896","57.6%","86,268","39,283","81.7%","96,229","37,452","95.1%","69,234","682,441","65.4%","100,723","126,248","85.7%","96,467","492,400","67.0%","75,860","343,909","61.8%","76,851","422,279","65.5%","69,100","854,786","75.5%","84,468","192,420","52.6%","155,465","142,603","61.9%","68,634","96,501","90.6%","78,082","151,199","57.1%","144,170","117,189","80.0%","77,389","324,320","50.4%","125,388","81,726","83.6%","95,787","65,307","89.8%","63,415","89,415","59.5%","90,747","157,841","82.8%","91,342","144,956","83.0%","64,181","24,193","73.2%","64,535","22,207","87.7%","55,238","102,887","71.4%","58,244","228,805","85.2%","91,546","57,100","75.1%","75,378","23,183","86.4%","58,182"
"            Black or African American","70,296","12.0%","56,404","N","N","N","37,617","9.4%","75,748","N","N","67,595","17,131","5.4%","32,245","N","N","N","N","N","87,261","14,580","5.3%","37,139","N","N","90,676","N","N","31,534","306,845","9.2%","52,136","N","N","28,019","N","N","42,675","N","N","-","N","N","34,472","N","N","64,319","N","N","N","N","N","115,757","19,785","1.9%","66,439","N","N","113,563","48,999","6.7%","68,465","58,424","10.5%","47,127","59,933","9.3%","53,021","56,562","5.0%","59,446","20,544","5.6%","49,381","16,517","7.2%","56,393","N","N","N","7,366","2.8%","81,679","N","N","57,431","17,300","2.7%","61,424","N","N","77,859","N","N","78,847","23,133","15.4%","64,514","N","N","69,409","N","N","40,716","N","N","61,903","N","N","-","N","N","40,589","5,475","2.0%","90,678","N","N","80,836","N","N","55,065"
"            American Indian and Alaska Native","4,272","0.7%","80,892","N","N","50,431","N","N","69,625","N","N","N","N","N","56,128","N","N","28,729","N","N","N","N","N","31,183","N","N","24,830","N","N","70,341","26,968","0.8%","61,559","N","N","61,563","N","N","-","N","N","39,644","N","N","71,993","N","N","78,583","N","N","23,658","N","N","-","N","N","101,421","N","N","88,380","6,763","0.9%","67,936","N","N","51,996","6,283","1.0%","66,331","7,880","0.7%","62,817","N","N","26,124","N","N","73,764","N","N","N","N","N","88,320","N","N","94,970","N","N","90,091","N","N","N","N","N","23,136","N","N","N","N","N","67,979","N","N","34,896","N","N","62,273","N","N","-","N","N","58,984","N","N","88,320","N","N","N","N","N","-"
"            Asian","167,970","28.7%","132,144","N","N","78,837","62,905","15.7%","130,240","N","N","122,003","30,189","9.6%","62,326","N","N","N","N","N","96,114","11,897","4.4%","74,012","N","N","95,692","N","N","59,013","509,685","15.3%","86,544","N","N","N","N","N","106,863","N","N","109,231","N","N","90,437","8,202","6.4%","101,263","N","N","103,604","N","N","51,373","215,130","20.6%","98,720","9,773","6.6%","121,876","47,623","6.5%","91,959","76,207","13.7%","85,731","50,037","7.8%","81,919","126,264","11.1%","101,270","114,657","31.3%","104,058","32,995","14.3%","89,893","N","N","111,583","74,070","28.0%","153,476","7,214","4.9%","97,674","235,869","36.6%","159,464","N","N","73,529","N","N","93,900","19,940","13.3%","101,483","N","N","104,332","9,203","5.3%","75,984","4,239","12.8%","59,909","N","N","82,036","N","N","72,108","17,366","6.5%","123,049","10,669","14.0%","54,835","N","N","75,591"
"            Native Hawaiian and Other Pacific Islander","N","N","102,070","N","N","-","N","N","N","N","N","-","N","N","43,036","N","N","-","N","N","-","N","N","158,025","N","N","-","N","N","-","8,397","0.3%","86,013","N","N","-","N","N","-","N","N","-","N","N","-","N","N","N","N","N","-","N","N","-","N","N","106,076","N","N","N","N","N","82,344","N","N","78,942","N","N","35,632","N","N","71,709","N","N","N","N","N","120,548","N","N","-","N","N","115,149","N","N","-","N","N","99,189","N","N","-","N","N","-","N","N","N","N","N","99,603","N","N","N","N","N","N","N","N","-","N","N","-","N","N","106,224","N","N","N","N","N","-"
"            Some other race","49,789","8.5%","75,595","N","N","70,387","39,212","9.8%","74,555","N","N","N","39,835","12.6%","51,846","N","N","N","9,747","20.2%","48,902","33,511","12.3%","40,627","N","N","37,212","N","N","50,431","500,540","15.0%","60,011","7,368","16.6%","62,547","N","N","66,705","N","N","N","22,252","27.6%","53,623","37,376","29.1%","61,020","N","N","63,506","N","N","-","90,187","8.6%","67,481","N","N","65,610","117,821","16.0%","62,219","37,991","6.8%","54,470","82,188","12.7%","65,287","44,263","3.9%","69,521","20,778","5.7%","64,220","15,111","6.6%","62,951","N","N","53,259","20,807","7.9%","72,954","12,701","8.7%","63,854","39,917","6.2%","78,540","N","N","65,631","N","N","59,201","8,416","5.6%","78,550","16,129","8.5%","68,742","8,033","4.6%","67,299","N","N","42,783","N","N","N","27,314","19.0%","54,754","8,388","3.1%","72,570","N","N","53,362","N","N","86,125"
"        Two or more races","26,466","4.5%","104,000","N","N","53,187","14,791","3.7%","110,457","N","N","107,808","7,993","2.5%","67,097","N","N","60,454","N","N","N","8,162","3.0%","59,554","N","N","54,509","N","N","37,041","107,110","3.2%","73,747","N","N","73,659","N","N","136,139","N","N","47,215","N","N","35,815","4,546","3.5%","82,263","N","N","96,528","N","N","57,917","30,392","2.9%","94,622","N","N","91,342","19,863","2.7%","76,392","30,503","5.5%","66,530","21,246","3.3%","71,952","39,011","3.4%","95,762","14,644","4.0%","138,451","19,827","8.6%","64,884","N","N","61,510","8,605","3.2%","162,307","N","N","62,856","21,525","3.3%","139,330","N","N","91,279","N","N","62,165","7,448","5.0%","100,189","N","N","78,740","5,177","3.0%","49,146","N","N","N","N","N","110,559","N","N","69,250","7,107","2.6%","105,156","N","N","58,925","N","N","79,243"
"        Hispanic or Latino origin (of any race)","98,982","16.9%","87,795","9,938","12.8%","58,730","75,679","18.9%","85,682","7,077","9.5%","68,638","140,613","44.5%","50,213","N","N","47,855","38,714","80.3%","45,087","121,635","44.6%","45,024","21,682","48.4%","47,888","N","N","50,718","1,254,566","37.7%","61,174","20,854","47.0%","60,204","9,995","9.5%","67,340","N","N","49,605","41,177","51.1%","55,943","57,790","45.1%","63,316","10,975","22.8%","76,104","N","N","61,393","253,981","24.3%","73,679","16,326","11.1%","67,660","285,802","38.9%","65,882","102,334","18.4%","63,839","285,405","44.3%","65,903","295,560","26.1%","64,198","42,704","11.7%","78,261","80,630","35.0%","59,636","17,761","16.7%","77,570","47,226","17.8%","85,031","51,025","34.8%","63,147","119,214","18.5%","83,414","22,356","22.9%","78,254","4,480","6.2%","57,890","31,368","20.9%","75,747","35,210","18.5%","75,801","66,914","38.3%","56,465","7,856","23.8%","39,992","N","N","41,892","79,022","54.8%","53,844","83,189","31.0%","73,765","19,372","25.5%","56,810","N","N","69,872"
"        White alone, not Hispanic or Latino","222,924","38.1%","121,424","61,114","78.7%","65,337","210,450","52.6%","117,558","61,919","83.4%","87,413","122,052","38.6%","70,955","44,551","80.0%","52,670","7,312","15.2%","67,140","117,102","42.9%","66,718","18,055","40.3%","69,390","20,405","78.6%","46,362","1,173,518","35.3%","92,457","20,240","45.6%","71,222","85,596","81.3%","124,216","26,446","76.7%","52,148","30,381","37.7%","68,429","55,989","43.7%","96,385","31,995","66.5%","102,280","36,131","91.8%","69,773","527,967","50.6%","107,875","112,897","76.7%","99,062","337,137","45.9%","80,283","290,070","52.1%","79,045","232,220","36.0%","71,910","621,650","54.9%","94,370","174,249","47.6%","161,289","91,662","39.8%","76,125","82,250","77.2%","77,260","127,204","48.0%","153,538","81,156","55.4%","87,135","251,846","39.1%","142,481","67,940","69.5%","98,782","62,103","85.4%","63,974","69,258","46.1%","94,753","141,516","74.2%","91,306","88,463","50.6%","71,735","18,043","54.6%","73,498","18,834","74.4%","58,207","55,670","38.6%","62,422","157,597","58.7%","102,007","41,398","54.4%","91,285","18,575","69.2%","56,421"
"HOUSEHOLD INCOME BY AGE OF HOUSEHOLDER","","","","","","","","","","","","","","","","","","","","","","","","","","","","","","","","","","","","","","","","","","","","","","","","","","","","","","","","","","","","","","","","","","","","","","","","","","","","","","","","","","","","","","","","","","","","","","","","","","","","","","","","","","","","","","","","","","","","","","","","","","",""
"    15 to 24 years","12,005","2.0%","41,723","5,125","6.6%","32,446","8,445","2.1%","56,998","918","1.2%","14,554","10,334","3.3%","27,114","3,137","5.6%","27,516","1,967","4.1%","47,849","9,854","3.6%","38,523","3,093","6.9%","31,204","174","0.7%","-","82,028","2.5%","45,526","882","2.0%","30,619","1,190","1.1%","52,218","559","1.6%","27,346","2,444","3.0%","53,807","3,722","2.9%","41,333","820","1.7%","53,026","327","0.8%","74,316","25,545","2.4%","46,299","2,906","2.0%","65,053","16,483","2.2%","45,250","17,414","3.1%","47,744","16,420","2.5%","35,545","37,111","3.3%","48,858","10,988","3.0%","81,002","5,655","2.5%","46,479","6,919","6.5%","30,157","6,422","2.4%","74,523","7,501","5.1%","34,775","14,879","2.3%","71,162","4,496","4.6%","26,176","2,315","3.2%","58,649","3,104","2.1%","59,133","3,644","1.9%","53,598","4,916","2.8%","39,374","1,528","4.6%","41,477","N","N","-","8,070","5.6%","36,367","4,571","1.7%","37,990","10,072","13.2%","38,683","1,432","5.3%","57,378"
"    25 to 44 years","218,283","37.3%","122,341","22,448","28.9%","71,083","117,823","29.5%","114,645","17,835","24.0%","87,327","118,469","37.5%","59,412","17,562","31.5%","56,278","15,402","32.0%","60,678","103,300","37.9%","56,329","17,502","39.1%","60,658","7,197","27.7%","44,843","1,158,927","34.8%","77,193","15,119","34.1%","66,493","21,154","20.1%","141,828","8,344","24.2%","55,528","30,601","37.9%","60,357","42,635","33.2%","76,127","11,943","24.8%","104,817","8,919","22.7%","73,969","320,070","30.6%","100,832","42,186","28.7%","109,523","233,497","31.8%","76,820","198,970","35.7%","72,827","230,004","35.7%","71,266","404,082","35.7%","90,868","151,644","41.4%","181,882","80,586","35.0%","69,976","27,062","25.4%","78,030","87,923","33.2%","161,938","43,333","29.6%","79,592","239,414","37.2%","155,414","25,740","26.3%","96,263","20,590","28.3%","74,679","49,199","32.7%","92,014","52,056","27.3%","91,229","61,546","35.2%","66,019","9,895","29.9%","61,614","N","N","65,467","53,003","36.8%","58,355","75,306","28.0%","92,221","23,664","31.1%","81,151","8,912","33.2%","66,297"
"    45 to 64 years","222,645","38.0%","125,154","25,281","32.6%","82,536","165,850","41.5%","127,274","30,432","41.0%","113,461","112,131","35.5%","69,479","19,748","35.5%","54,881","17,570","36.5%","54,181","97,234","35.6%","61,811","14,688","32.8%","72,261","8,930","34.4%","49,132","1,306,897","39.3%","82,465","15,633","35.2%","69,962","44,765","42.5%","131,617","12,509","36.3%","52,357","29,640","36.8%","70,102","47,647","37.2%","95,663","19,338","40.2%","110,279","14,164","36.0%","72,014","429,383","41.1%","111,204","54,637","37.1%","119,996","285,381","38.8%","87,748","206,464","37.1%","86,357","256,858","39.8%","79,845","414,671","36.6%","99,047","116,188","31.8%","109,286","90,729","39.4%","83,989","35,836","33.6%","99,977","98,399","37.1%","163,715","52,402","35.8%","90,336","246,541","38.3%","151,334","37,650","38.5%","106,783","26,093","35.9%","77,146","57,741","38.4%","93,943","70,334","36.9%","110,235","64,904","37.2%","77,578","13,014","39.4%","74,259","N","N","67,015","53,115","36.9%","66,522","111,407","41.5%","108,877","25,019","32.9%","108,288","9,829","36.6%","62,527"
"    65 years and over","132,699","22.7%","63,568","24,797","31.9%","48,567","107,674","26.9%","79,597","25,031","33.7%","65,918","75,040","23.7%","44,335","15,245","27.4%","46,035","13,243","27.5%","32,238","62,500","22.9%","41,088","9,478","21.2%","43,613","9,667","37.2%","46,911","780,546","23.5%","51,826","12,753","28.7%","62,578","38,189","36.3%","86,437","13,066","37.9%","44,538","17,960","22.3%","48,445","34,223","26.7%","67,612","16,006","33.3%","72,629","15,955","40.5%","56,406","269,282","25.8%","68,418","47,507","32.3%","68,707","199,587","27.2%","52,642","133,904","24.1%","57,259","141,476","21.9%","48,615","276,570","24.4%","61,548","87,031","23.8%","58,259","53,271","23.1%","50,763","36,695","34.5%","64,199","72,259","27.3%","84,842","43,230","29.5%","63,826","142,803","22.2%","75,758","29,824","30.5%","72,257","23,716","32.6%","43,319","40,349","26.8%","71,195","64,655","33.9%","67,529","43,332","24.8%","47,105","8,602","26.0%","61,551","N","N","42,851","29,921","20.8%","45,975","77,240","28.8%","76,764","17,320","22.8%","61,365","6,654","24.8%","51,092"
"FAMILIES","","","","","","","","","","","","","","","","","","","","","","","","","","","","","","","","","","","","","","","","","","","","","","","","","","","","","","","","","","","","","","","","","","","","","","","","","","","","","","","","","","","","","","","","","","","","","","","","","","","","","","","","","","","","","","","","","","","","","","","","","","",""
"    Families","381,906","381,906","130,556","48,238","48,238","76,497","283,816","283,816","125,976","50,614","50,614","107,034","226,172","226,172","65,568","29,816","29,816","71,718","36,308","36,308","57,467","199,179","199,179","61,124","33,989","33,989","61,133","14,708","14,708","62,253","2,204,715","2,204,715","81,912","36,621","36,621","67,877","64,572","64,572","151,376","18,776","18,776","64,485","63,662","63,662","65,725","92,883","92,883","81,037","31,603","31,603","107,419","25,565","25,565","88,540","747,163","747,163","107,171","105,590","105,590","118,132","542,505","542,505","81,921","361,011","361,011","82,121","487,955","487,955","74,969","763,224","763,224","96,164","167,865","167,865","140,707","171,826","171,826","76,424","67,359","67,359","98,277","180,884","180,884","158,898","92,089","92,089","90,020","452,203","452,203","151,620","61,206","61,206","107,298","45,286","45,286","80,765","105,464","105,464","97,754","122,317","122,317","101,449","129,341","129,341","71,339","23,328","23,328","73,964","17,392","17,392","71,428","114,157","114,157","60,190","193,638","193,638","103,818","47,858","47,858","95,890","18,947","18,947","65,843"
"        With own children of householder under 18 years","168,492","44.1%","136,862","19,840","41.1%","81,560","128,581","45.3%","125,532","N","N","125,572","113,047","50.0%","56,457","13,221","44.3%","67,858","15,800","43.5%","54,637","97,417","48.9%","53,476","N","N","52,326","N","N","49,013","892,075","40.5%","74,470","N","N","50,669","26,800","41.5%","161,058","N","N","48,136","30,864","48.5%","58,419","42,947","46.2%","66,193","N","N","96,510","N","N","91,979","307,633","41.2%","107,167","43,947","41.6%","123,801","233,050","43.0%","76,899","161,538","44.7%","75,686","216,332","44.3%","67,647","325,320","42.6%","94,989","57,628","34.3%","161,486","84,504","49.2%","70,823","22,026","32.7%","97,249","75,317","41.6%","185,330","39,421","42.8%","70,235","197,339","43.6%","168,731","23,352","38.2%","99,173","17,741","39.2%","81,368","41,005","38.9%","92,393","46,728","38.2%","93,529","60,636","46.9%","72,660","N","N","60,548","N","N","34,871","57,333","50.2%","49,884","75,582","39.0%","100,076","21,241","44.4%","90,061","N","N","68,161"
"        With no own children of householder under 18 years","213,414","55.9%","126,424","28,398","58.9%","71,602","155,235","54.7%","126,385","N","N","105,211","113,125","50.0%","73,731","16,595","55.7%","75,213","20,508","56.5%","58,606","101,762","51.1%","65,838","N","N","70,467","N","N","72,316","1,312,640","59.5%","87,010","N","N","81,792","37,772","58.5%","141,216","N","N","73,923","32,798","51.5%","72,900","49,936","53.8%","95,360","N","N","111,141","N","N","88,445","439,530","58.8%","107,173","61,643","58.4%","113,064","309,455","57.0%","86,722","199,473","55.3%","87,348","271,623","55.7%","80,207","437,904","57.4%","97,239","110,237","65.7%","130,415","87,322","50.8%","82,959","45,333","67.3%","98,702","105,567","58.4%","144,686","52,668","57.2%","100,887","254,864","56.4%","141,422","37,854","61.8%","112,929","27,545","60.8%","79,933","64,459","61.1%","101,972","75,589","61.8%","105,949","68,705","53.1%","70,942","N","N","85,726","N","N","86,526","56,824","49.8%","73,425","118,056","61.0%","106,936","26,617","55.6%","98,400","N","N","63,828"
"        Married-couple families","295,523","77.4%","150,772","35,725","74.1%","88,380","219,892","77.5%","145,663","N","N","115,023","146,683","64.9%","81,556","21,565","72.3%","91,569","23,466","64.6%","72,181","136,005","68.3%","75,247","N","N","73,869","N","N","74,655","1,488,600","67.5%","100,324","N","N","81,381","52,458","81.2%","172,267","N","N","83,016","40,294","63.3%","75,249","66,556","71.7%","96,160","N","N","124,879","N","N","95,426","570,578","76.4%","123,366","87,697","83.1%","126,889","395,213","72.8%","95,870","251,350","69.6%","101,223","336,570","69.0%","88,017","574,639","75.3%","113,524","127,692","76.1%","164,939","122,991","71.6%","91,643","54,321","80.6%","107,514","141,950","78.5%","185,680","65,797","71.4%","107,503","354,357","78.4%","177,298","45,986","75.1%","124,096","34,292","75.7%","90,339","75,089","71.2%","111,477","90,585","74.1%","117,097","88,210","68.2%","85,855","N","N","99,176","N","N","86,282","78,457","68.7%","69,811","146,309","75.6%","117,417","35,682","74.6%","110,466","N","N","75,579"
"            With own children under 18 years","133,388","34.9%","165,392","14,028","29.1%","107,816","96,357","34.0%","157,758","N","N","142,233","67,017","29.6%","79,700","8,404","28.2%","102,354","10,566","29.1%","73,420","62,407","31.3%","76,341","N","N","66,617","N","N","72,280","610,365","27.7%","97,565","N","N","75,931","20,862","32.3%","193,086","N","N","98,263","19,679","30.9%","75,517","29,602","31.9%","85,440","N","N","130,127","N","N","140,707","239,678","32.1%","129,516","35,009","33.2%","135,309","164,720","30.4%","94,350","107,752","29.8%","105,214","148,525","30.4%","85,113","239,399","31.4%","116,303","46,320","27.6%","192,230","56,830","33.1%","88,447","17,653","26.2%","108,233","61,492","34.0%","219,802","25,448","27.6%","95,083","160,578","35.5%","200,942","16,689","27.3%","124,638","11,884","26.2%","94,107","28,127","26.7%","113,478","31,743","26.0%","116,166","40,666","31.4%","89,223","N","N","98,229","N","N","77,093","37,742","33.1%","59,510","55,377","28.6%","121,056","15,812","33.0%","106,848","N","N","84,426"
"        Female householder, no spouse present","59,861","15.7%","66,593","7,910","16.4%","36,025","47,383","16.7%","63,878","N","N","53,114","54,924","24.3%","33,342","5,035","16.9%","35,980","9,212","25.4%","25,579","43,946","22.1%","30,880","N","N","30,153","N","N","35,567","481,936","21.9%","49,741","N","N","30,890","7,950","12.3%","80,025","N","N","42,600","15,296","24.0%","38,442","18,048","19.4%","48,816","N","N","59,185","N","N","42,670","118,542","15.9%","62,238","12,962","12.3%","56,090","101,589","18.7%","46,217","77,311","21.4%","46,955","103,445","21.2%","43,186","127,593","16.7%","50,437","29,229","17.4%","65,636","33,893","19.7%","47,123","9,038","13.4%","48,219","24,863","13.7%","85,832","17,572","19.1%","49,292","63,744","14.1%","73,064","11,501","18.8%","59,696","7,076","15.6%","44,700","20,284","19.2%","61,190","19,086","15.6%","59,593","26,643","20.6%","35,758","N","N","41,104","N","N","23,069","24,495","21.5%","37,427","33,081","17.1%","60,805","8,582","17.9%","48,769","N","N","64,202"
"            With own children under 18 years","26,181","6.9%","43,376","3,560","7.4%","24,162","23,951","8.4%","50,737","N","N","52,635","33,957","15.0%","27,644","2,778","9.3%","23,917","3,978","11.0%","22,103","26,261","13.2%","23,177","N","N","25,792","N","N","31,070","196,097","8.9%","34,182","N","N","25,235","4,142","6.4%","65,278","N","N","40,183","7,867","12.4%","26,090","9,717","10.5%","28,051","N","N","48,726","N","N","38,456","48,710","6.5%","43,509","6,228","5.9%","43,704","49,650","9.2%","34,033","38,211","10.6%","36,080","48,824","10.0%","30,177","60,621","7.9%","37,119","8,756","5.2%","48,785","20,231","11.8%","34,044","3,159","4.7%","44,153","9,032","5.0%","60,392","10,139","11.0%","41,258","24,370","5.4%","59,226","4,724","7.7%","39,974","3,129","6.9%","39,824","9,179","8.7%","47,358","8,543","7.0%","45,364","13,237","10.2%","28,270","N","N","38,502","N","N","21,598","14,640","12.8%","25,099","15,322","7.9%","40,709","3,610","7.5%","39,591","N","N","61,789"
"        Male householder, no spouse present","26,522","6.9%","92,114","4,603","9.5%","58,520","16,541","5.8%","80,422","N","N","81,524","24,565","10.9%","53,011","3,216","10.8%","29,966","3,630","10.0%","60,585","19,228","9.7%","48,410","N","N","58,566","N","N","35,078","234,179","10.6%","62,900","N","N","51,962","4,164","6.4%","73,487","N","N","42,100","8,072","12.7%","52,257","8,279","8.9%","65,137","N","N","76,774","N","N","37,942","58,043","7.8%","78,841","4,931","4.7%","91,691","45,703","8.4%","64,844","32,350","9.0%","56,386","47,940","9.8%","60,363","60,992","8.0%","71,184","10,944","6.5%","90,435","14,942","8.7%","57,519","4,000","5.9%","62,929","14,071","7.8%","106,546","8,720","9.5%","75,700","34,102","7.5%","92,271","3,719","6.1%","93,614","3,918","8.7%","35,991","10,091","9.6%","88,598","12,646","10.3%","77,694","14,488","11.2%","55,509","N","N","55,152","N","N","34,628","11,205","9.8%","42,120","14,248","7.4%","83,153","3,594","7.5%","54,079","N","N","36,467"
"            With own children under 18 years","8,923","2.3%","93,125","2,252","4.7%","62,152","8,273","2.9%","75,084","N","N","56,747","12,073","5.3%","50,512","2,039","6.8%","17,768","1,256","3.5%","46,235","8,749","4.4%","46,641","N","N","26,033","N","N","36,158","85,613","3.9%","50,708","N","N","48,445","1,796","2.8%","70,897","N","N","17,153","3,318","5.2%","50,455","3,628","3.9%","44,151","N","N","56,551","N","N","37,602","19,245","2.6%","66,113","2,710","2.6%","90,977","18,680","3.4%","53,818","15,575","4.3%","52,013","18,983","3.9%","47,132","25,300","3.3%","70,581","2,552","1.5%","113,106","7,443","4.3%","42,049","1,214","1.8%","86,836","4,793","2.6%","100,156","3,834","4.2%","53,001","12,391","2.7%","81,019","1,939","3.2%","91,879","2,728","6.0%","35,205","3,699","3.5%","76,071","6,442","5.3%","74,033","6,733","5.2%","41,849","N","N","39,510","N","N","34,119","4,951","4.3%","37,168","4,883","2.5%","65,168","1,819","3.8%","53,882","N","N","35,395"
"FAMILY INCOME BY FAMILY SIZE","","","","","","","","","","","","","","","","","","","","","","","","","","","","","","","","","","","","","","","","","","","","","","","","","","","","","","","","","","","","","","","","","","","","","","","","","","","","","","","","","","","","","","","","","","","","","","","","","","","","","","","","","","","","","","","","","","","","","","","","","","",""
"    2-person families","152,403","39.9%","111,803","24,230","50.2%","64,881","110,767","39.0%","111,378","27,441","54.2%","100,189","80,875","35.8%","62,844","15,414","51.7%","61,857","12,335","34.0%","48,128","75,766","38.0%","56,884","10,792","31.8%","59,517","7,928","53.9%","65,646","814,274","36.9%","73,778","13,614","37.2%","65,970","33,332","51.6%","137,140","10,099","53.8%","65,418","22,898","36.0%","55,710","33,314","35.9%","89,345","15,219","48.2%","104,445","15,396","60.2%","78,425","285,171","38.2%","95,581","50,343","47.7%","103,689","207,136","38.2%","70,469","153,379","42.5%","76,635","168,855","34.6%","64,064","322,613","42.3%","85,081","83,662","49.8%","125,240","60,731","35.3%","70,457","37,426","55.6%","92,695","75,699","41.8%","133,695","40,201","43.7%","92,020","176,897","39.1%","126,367","29,282","47.8%","100,622","23,271","51.4%","68,403","46,854","44.4%","86,802","60,467","49.4%","92,113","49,634","38.4%","61,289","8,772","37.6%","75,687","8,949","51.5%","79,151","35,480","31.1%","60,947","78,810","40.7%","95,493","19,475","40.7%","94,297","7,275","38.4%","55,056"
"    3-person families","91,629","24.0%","134,293","10,629","22.0%","76,573","68,580","24.2%","130,258","10,147","20.0%","114,630","49,320","21.8%","60,697","6,585","22.1%","67,324","8,362","23.0%","64,901","41,843","21.0%","60,798","8,319","24.5%","57,759","2,722","18.5%","52,955","519,697","23.6%","80,842","7,286","19.9%","41,590","11,768","18.2%","175,521","3,476","18.5%","82,868","13,330","20.9%","70,017","17,753","19.1%","69,360","6,646","21.0%","105,500","3,752","14.7%","91,171","172,304","23.1%","106,183","20,258","19.2%","117,029","106,750","19.7%","79,197","81,026","22.4%","82,013","107,279","22.0%","70,233","170,524","22.3%","96,609","37,513","22.3%","141,027","35,358","20.6%","80,698","12,068","17.9%","96,582","41,231","22.8%","170,239","18,487","20.1%","82,328","108,082","23.9%","155,095","13,355","21.8%","142,027","7,904","17.5%","76,753","23,799","22.6%","110,515","24,282","19.9%","106,063","29,120","22.5%","68,880","5,042","21.6%","64,409","3,250","18.7%","66,849","28,430","24.9%","60,850","43,080","22.2%","105,087","12,779","26.7%","95,978","4,072","21.5%","69,413"
"    4-person families","88,090","23.1%","163,617","7,698","16.0%","102,921","63,400","22.3%","150,519","6,668","13.2%","126,126","44,528","19.7%","73,967","4,601","15.4%","121,034","6,602","18.2%","59,002","39,943","20.1%","61,956","7,273","21.4%","62,218","1,656","11.3%","70,457","455,202","20.6%","91,732","7,042","19.2%","90,935","13,398","20.7%","154,445","3,448","18.4%","54,521","12,656","19.9%","70,388","20,606","22.2%","79,715","5,265","16.7%","123,341","3,488","13.6%","158,354","162,463","21.7%","123,976","22,170","21.0%","130,840","109,062","20.1%","92,388","71,434","19.8%","99,378","104,079","21.3%","82,510","156,251","20.5%","115,787","30,370","18.1%","161,405","35,067","20.4%","81,135","11,636","17.3%","113,611","39,754","22.0%","203,157","17,213","18.7%","90,055","102,084","22.6%","192,497","11,417","18.7%","106,611","7,781","17.2%","91,741","19,630","18.6%","105,764","24,299","19.9%","124,575","23,601","18.2%","86,212","4,614","19.8%","68,897","1,987","11.4%","52,049","25,597","22.4%","59,632","39,263","20.3%","121,349","9,779","20.4%","108,238","4,329","22.8%","64,739"
"    5-person families","30,470","8.0%","127,604","3,651","7.6%","109,697","24,708","8.7%","116,462","4,232","8.4%","126,712","27,666","12.2%","59,276","1,800","6.0%","122,771","5,206","14.3%","51,142","22,531","11.3%","75,639","4,151","12.2%","51,344","1,769","12.0%","71,747","239,343","10.9%","85,485","3,623","9.9%","49,037","4,626","7.2%","220,085","935","5.0%","107,757","9,146","14.4%","53,154","10,956","11.8%","78,810","2,442","7.7%","97,687","814","3.2%","116,563","75,554","10.1%","115,509","9,318","8.8%","142,195","66,031","12.2%","87,341","32,817","9.1%","93,693","62,557","12.8%","88,226","68,946","9.0%","94,004","10,155","6.0%","145,485","23,777","13.8%","79,329","2,805","4.2%","96,134","14,853","8.2%","176,436","8,725","9.5%","86,397","41,034","9.1%","151,805","3,894","6.4%","81,124","4,197","9.3%","86,410","9,838","9.3%","114,085","8,063","6.6%","85,181","14,437","11.2%","81,547","2,668","11.4%","74,020","1,753","10.1%","65,521","12,492","10.9%","55,206","19,350","10.0%","107,457","4,258","8.9%","74,444","1,791","9.5%","49,861"
"    6-person families","12,123","3.2%","124,105","1,418","2.9%","80,973","9,217","3.2%","129,867","1,542","3.0%","160,867","14,285","6.3%","69,451","889","3.0%","101,674","2,229","6.1%","86,118","10,040","5.0%","51,416","2,178","6.4%","68,029","392","2.7%","47,778","99,682","4.5%","86,478","2,800","7.6%","80,307","811","1.3%","51,996","636","3.4%","48,603","2,710","4.3%","83,584","5,959","6.4%","85,678","1,179","3.7%","109,213","1,216","4.8%","92,417","27,903","3.7%","118,683","2,669","2.5%","125,841","30,393","5.6%","93,748","13,208","3.7%","80,883","27,830","5.7%","78,151","27,717","3.6%","101,732","3,553","2.1%","155,263","9,150","5.3%","92,714","2,789","4.1%","121,406","5,796","3.2%","128,533","5,174","5.6%","74,036","15,270","3.4%","149,278","1,637","2.7%","99,647","1,385","3.1%","89,175","2,819","2.7%","118,524","3,903","3.2%","111,500","7,050","5.5%","80,508","758","3.2%","93,846","243","1.4%","66,363","7,527","6.6%","66,712","8,433","4.4%","97,336","525","1.1%","58,652","1,075","5.7%","104,252"
"    7-or-more person families","7,191","1.9%","171,235","612","1.3%","112,093","7,144","2.5%","154,730","584","1.2%","130,486","9,498","4.2%","78,668","527","1.8%","92,836","1,574","4.3%","86,385","9,056","4.5%","68,826","1,276","3.8%","73,310","241","1.6%","-","76,517","3.5%","100,985","2,256","6.2%","142,529","637","1.0%","81,110","182","1.0%","61,875","2,922","4.6%","101,619","4,295","4.6%","110,222","852","2.7%","131,098","899","3.5%","60,302","23,768","3.2%","117,662","832","0.8%","110,582","23,133","4.3%","103,796","9,147","2.5%","89,932","17,355","3.6%","102,175","17,173","2.3%","109,130","2,612","1.6%","168,861","7,743","4.5%","76,619","635","0.9%","153,031","3,551","2.0%","159,267","2,289","2.5%","87,441","8,836","2.0%","155,697","1,621","2.6%","99,962","748","1.7%","85,164","2,524","2.4%","150,808","1,303","1.1%","83,285","5,499","4.3%","105,591","1,474","6.3%","104,429","1,210","7.0%","85,145","4,631","4.1%","77,391","4,702","2.4%","113,054","1,042","2.2%","94,920","405","2.1%","200,307"
"FAMILY INCOME BY NUMBER OF EARNERS","","","","","","","","","","","","","","","","","","","","","","","","","","","","","","","","","","","","","","","","","","","","","","","","","","","","","","","","","","","","","","","","","","","","","","","","","","","","","","","","","","","","","","","","","","","","","","","","","","","","","","","","","","","","","","","","","","","","","","","","","","",""
"    No earners","41,175","10.8%","48,152","10,260","21.3%","44,965","33,783","11.9%","79,347","9,682","19.1%","66,090","32,725","14.5%","22,900","5,967","20.0%","49,558","7,068","19.5%","19,997","29,978","15.1%","28,434","4,955","14.6%","35,180","3,635","24.7%","39,715","236,449","10.7%","30,341","6,938","18.9%","51,794","8,903","13.8%","105,330","3,476","18.5%","37,492","7,915","12.4%","27,994","10,649","11.5%","32,179","4,555","14.4%","82,919","6,849","26.8%","57,025","86,520","11.6%","52,717","17,111","16.2%","67,131","80,782","14.9%","46,632","48,093","13.3%","55,554","64,049","13.1%","31,882","94,043","12.3%","57,743","20,505","12.2%","50,291","23,124","13.5%","38,584","13,567","20.1%","68,167","17,608","9.7%","83,023","13,674","14.8%","67,662","44,517","9.8%","62,517","7,535","12.3%","79,955","10,612","23.4%","46,716","15,142","14.4%","63,547","17,261","14.1%","72,654","20,569","15.9%","31,907","3,320","14.2%","28,172","4,558","26.2%","44,485","12,574","11.0%","27,198","24,656","12.7%","64,516","6,912","14.4%","54,903","2,996","15.8%","36,844"
"    1 earner","110,852","29.0%","95,403","15,896","33.0%","61,411","88,753","31.3%","92,332","15,528","30.7%","103,061","83,649","37.0%","44,389","9,869","33.1%","48,507","13,411","36.9%","47,944","75,744","38.0%","42,452","13,972","41.1%","45,086","5,382","36.6%","45,316","698,118","31.7%","53,613","12,805","35.0%","36,947","19,871","30.8%","134,042","5,737","30.6%","44,202","25,124","39.5%","49,282","29,082","31.3%","58,813","8,229","26.0%","87,524","7,660","30.0%","72,617","214,758","28.7%","80,956","33,162","31.4%","94,396","180,080","33.2%","57,573","122,749","34.0%","54,867","164,884","33.8%","51,589","243,863","32.0%","67,694","42,815","25.5%","85,182","62,031","36.1%","54,633","18,779","27.9%","80,952","49,985","27.6%","114,227","25,440","27.6%","58,963","134,589","29.8%","111,365","19,555","31.9%","76,929","13,880","30.6%","70,984","33,401","31.7%","71,755","35,185","28.8%","79,292","44,447","34.4%","50,985","6,832","29.3%","58,910","4,760","27.4%","34,221","44,794","39.2%","41,924","55,793","28.8%","77,112","14,158","29.6%","56,653","7,352","38.8%","56,146"
"    2 earners","178,405","46.7%","164,184","16,532","34.3%","99,861","117,713","41.5%","152,010","20,876","41.2%","126,542","80,681","35.7%","83,816","11,620","39.0%","101,010","11,671","32.1%","77,665","72,515","36.4%","88,886","11,868","34.9%","76,970","3,993","27.1%","110,273","894,581","40.6%","101,776","11,096","30.3%","85,261","27,904","43.2%","186,625","7,917","42.2%","91,302","23,275","36.6%","80,151","37,208","40.1%","93,381","14,668","46.4%","118,403","8,137","31.8%","108,309","308,045","41.2%","128,243","44,783","42.4%","139,122","197,760","36.5%","99,289","145,868","40.4%","108,274","180,548","37.0%","91,302","325,651","42.7%","120,044","84,038","50.1%","196,830","61,858","36.0%","100,611","27,618","41.0%","116,212","86,783","48.0%","195,607","38,692","42.0%","104,017","206,739","45.7%","193,315","23,921","39.1%","135,932","16,920","37.4%","93,101","41,506","39.4%","119,033","51,353","42.0%","118,467","47,316","36.6%","96,742","10,021","43.0%","97,896","7,190","41.3%","86,163","41,880","36.7%","69,857","81,161","41.9%","125,086","22,092","46.2%","107,201","7,142","37.7%","81,416"
"    3 or more earners","51,474","13.5%","173,241","5,550","11.5%","115,982","43,567","15.4%","164,583","4,528","8.9%","160,211","29,117","12.9%","111,507","2,360","7.9%","143,011","4,158","11.5%","100,809","20,942","10.5%","104,120","3,194","9.4%","101,053","1,698","11.5%","81,538","375,567","17.0%","117,665","5,782","15.8%","125,470","7,894","12.2%","152,523","1,646","8.8%","109,918","7,348","11.5%","109,683","15,944","17.2%","111,662","4,151","13.1%","142,097","2,919","11.4%","120,016","137,840","18.4%","136,887","10,534","10.0%","161,346","83,883","15.5%","125,471","44,301","12.3%","126,996","78,474","16.1%","121,517","99,667","13.1%","129,290","20,507","12.2%","150,545","24,813","14.4%","123,266","7,395","11.0%","128,861","26,508","14.7%","183,522","14,283","15.5%","116,344","66,358","14.7%","181,728","10,195","16.7%","146,423","3,874","8.6%","126,703","15,415","14.6%","147,931","18,518","15.1%","136,456","17,009","13.2%","118,822","3,155","13.5%","122,563","884","5.1%","104,360","14,909","13.1%","100,760","32,028","16.5%","124,940","4,696","9.8%","144,452","1,457","7.7%","113,169"
"NONFAMILY HOUSEHOLDS","","","","","","","","","","","","","","","","","","","","","","","","","","","","","","","","","","","","","","","","","","","","","","","","","","","","","","","","","","","","","","","","","","","","","","","","","","","","","","","","","","","","","","","","","","","","","","","","","","","","","","","","","","","","","","","","","","","","","","","","","","",""
"    Nonfamily households","203,726","203,726","63,478","29,413","29,413","32,364","115,976","115,976","64,200","23,602","23,602","40,854","89,802","89,802","32,413","25,876","25,876","30,088","11,874","11,874","22,472","73,709","73,709","30,789","10,772","10,772","38,236","11,260","11,260","35,666","1,123,683","1,123,683","50,256","7,766","7,766","34,517","40,726","40,726","63,242","15,702","15,702","31,797","16,983","16,983","34,959","35,344","35,344","56,974","16,504","16,504","60,967","13,800","13,800","36,657","297,117","297,117","61,593","41,646","41,646","53,554","192,443","192,443","41,120","195,741","195,741","49,489","156,803","156,803","40,091","369,210","369,210","55,901","197,986","197,986","105,235","58,415","58,415","41,206","39,153","39,153","41,847","84,119","84,119","80,703","54,377","54,377","48,596","191,434","191,434","83,190","36,504","36,504","50,591","27,428","27,428","34,208","44,929","44,929","54,826","68,372","68,372","58,408","45,357","45,357","40,473","9,711","9,711","40,276","7,918","7,918","26,347","29,952","29,952","33,703","74,886","74,886","60,967","28,217","28,217","45,837","7,880","7,880","41,107"
"        Female householder","108,024","53.0%","56,760","17,282","58.8%","27,793","65,879","56.8%","61,216","12,716","53.9%","31,911","47,337","52.7%","30,088","12,559","48.5%","27,009","5,949","50.1%","15,285","33,487","45.4%","23,594","5,181","48.1%","40,849","5,232","46.5%","32,443","580,863","51.7%","42,369","4,396","56.6%","29,978","25,981","63.8%","60,572","8,429","53.7%","26,915","8,510","50.1%","33,009","20,568","58.2%","49,701","9,664","58.6%","53,050","7,795","56.5%","35,838","162,104","54.6%","52,455","24,780","59.5%","48,971","99,022","51.5%","35,187","112,379","57.4%","44,671","82,657","52.7%","32,116","189,194","51.2%","47,513","90,888","45.9%","84,943","33,108","56.7%","35,215","21,292","54.4%","37,698","44,902","53.4%","76,575","28,078","51.6%","43,120","92,539","48.3%","64,520","22,188","60.8%","43,755","15,135","55.2%","30,858","24,781","55.2%","46,212","38,837","56.8%","52,550","24,245","53.5%","35,425","4,537","46.7%","37,055","4,278","54.0%","24,753","15,288","51.0%","27,957","40,908","54.6%","52,203","14,680","52.0%","46,030","4,116","52.2%","26,322"
"            Living alone","84,687","41.6%","44,956","12,841","43.7%","22,970","53,490","46.1%","52,617","10,840","45.9%","28,533","39,685","44.2%","26,356","8,954","34.6%","23,982","5,416","45.6%","14,337","29,032","39.4%","21,256","4,386","40.7%","36,098","3,827","34.0%","28,528","466,423","41.5%","35,094","3,531","45.5%","21,546","21,762","53.4%","47,783","6,708","42.7%","24,382","6,879","40.5%","26,924","16,891","47.8%","43,190","8,449","51.2%","46,782","6,225","45.1%","27,599","130,852","44.0%","43,266","20,042","48.1%","41,340","82,513","42.9%","27,623","89,694","45.8%","37,414","69,222","44.1%","28,273","147,180","39.9%","38,225","66,163","33.4%","61,632","27,368","46.9%","30,268","16,712","42.7%","36,132","34,358","40.8%","61,076","22,641","41.6%","35,764","69,804","36.5%","49,615","17,189","47.1%","39,728","11,844","43.2%","24,335","19,918","44.3%","38,501","30,525","44.6%","43,486","19,475","42.9%","31,478","3,943","40.6%","35,759","3,163","39.9%","21,938","13,523","45.1%","25,782","34,013","45.4%","46,209","8,273","29.3%","34,948","3,374","42.8%","23,015"
"            Not living alone","23,337","11.5%","119,133","4,441","15.1%","44,917","12,389","10.7%","106,916","1,876","7.9%","82,829","7,652","8.5%","53,787","3,605","13.9%","48,661","533","4.5%","91,583","4,455","6.0%","43,656","795","7.4%","66,382","1,405","12.5%","50,807","114,440","10.2%","85,145","865","11.1%","69,248","4,219","10.4%","117,371","1,721","11.0%","72,545","1,631","9.6%","48,464","3,677","10.4%","75,994","1,215","7.4%","122,111","1,570","11.4%","81,432","31,252","10.5%","98,054","4,738","11.4%","115,297","16,509","8.6%","73,023","22,685","11.6%","75,278","13,435","8.6%","64,928","42,014","11.4%","83,877","24,725","12.5%","201,247","5,740","9.8%","62,015","4,580","11.7%","46,092","10,544","12.5%","144,802","5,437","10.0%","83,545","22,735","11.9%","118,730","4,999","13.7%","85,558","3,291","12.0%","49,461","4,863","10.8%","72,978","8,312","12.2%","92,342","4,770","10.5%","41,281","594","6.1%","54,841","1,115","14.1%","40,524","1,765","5.9%","75,792","6,895","9.2%","90,712","6,407","22.7%","52,456","742","9.4%","42,574"
"        Male householder","95,702","47.0%","75,825","12,131","41.2%","41,066","50,097","43.2%","67,541","10,886","46.1%","53,315","42,465","47.3%","38,985","13,317","51.5%","37,896","5,925","49.9%","34,675","40,222","54.6%","38,693","5,591","51.9%","32,041","6,028","53.5%","36,468","542,820","48.3%","57,019","3,370","43.4%","36,579","14,745","36.2%","73,108","7,273","46.3%","40,078","8,473","49.9%","39,458","14,776","41.8%","71,987","6,840","41.4%","66,982","6,005","43.5%","36,853","135,013","45.4%","71,714","16,866","40.5%","59,375","93,421","48.5%","47,823","83,362","42.6%","55,904","74,146","47.3%","51,957","180,016","48.8%","63,363","107,098","54.1%","125,192","25,307","43.3%","48,521","17,861","45.6%","51,270","39,217","46.6%","85,719","26,299","48.4%","56,734","98,895","51.7%","106,440","14,316","39.2%","61,474","12,293","44.8%","37,529","20,148","44.8%","68,238","29,535","43.2%","63,689","21,112","46.5%","50,916","5,174","53.3%","41,493","3,640","46.0%","29,458","14,664","49.0%","36,242","33,978","45.4%","69,795","13,537","48.0%","45,629","3,764","47.8%","51,993"
"            Living alone","67,463","33.1%","55,163","7,855","26.7%","28,988","38,089","32.8%","61,396","7,701","32.6%","43,650","34,450","38.4%","31,812","8,872","34.3%","27,050","5,233","44.1%","26,843","31,982","43.4%","31,049","4,051","37.6%","30,115","5,019","44.6%","32,123","391,421","34.8%","45,916","2,661","34.3%","30,099","11,082","27.2%","60,342","5,425","34.5%","30,327","6,373","37.5%","35,576","10,594","30.0%","54,313","5,179","31.4%","61,521","5,403","39.2%","35,274","90,716","30.5%","60,357","12,701","30.5%","53,038","67,674","35.2%","37,582","59,084","30.2%","46,729","56,280","35.9%","44,837","122,308","33.1%","51,410","67,597","34.1%","71,632","19,146","32.8%","41,852","11,735","30.0%","48,349","26,484","31.5%","66,488","18,246","33.6%","46,999","67,238","35.1%","81,620","10,170","27.9%","51,766","9,245","33.7%","32,417","14,729","32.8%","57,787","20,845","30.5%","52,435","15,439","34.0%","44,181","3,613","37.2%","30,696","3,204","40.5%","23,681","10,343","34.5%","27,736","24,312","32.5%","56,371","7,662","27.2%","42,100","2,363","30.0%","50,779"
"            Not living alone","28,239","13.9%","136,418","4,276","14.5%","73,019","12,008","10.4%","107,312","3,185","13.5%","86,416","8,015","8.9%","86,313","4,445","17.2%","63,395","692","5.8%","80,833","8,240","11.2%","61,836","1,540","14.3%","71,761","1,009","9.0%","49,188","151,399","13.5%","92,946","709","9.1%","46,333","3,663","9.0%","145,914","1,848","11.8%","94,734","2,100","12.4%","44,774","4,182","11.8%","110,758","1,661","10.1%","110,517","602","4.4%","59,911","44,297","14.9%","109,453","4,165","10.0%","81,374","25,747","13.4%","76,438","24,278","12.4%","76,778","17,866","11.4%","75,992","57,708","15.6%","93,311","39,501","20.0%","225,648","6,161","10.5%","60,015","6,126","15.6%","53,423","12,733","15.1%","177,719","8,053","14.8%","84,832","31,657","16.5%","169,197","4,146","11.4%","100,286","3,048","11.1%","75,123","5,419","12.1%","89,660","8,690","12.7%","114,858","5,673","12.5%","67,274","1,561","16.1%","64,150","436","5.5%","55,720","4,321","14.4%","69,831","9,666","12.9%","96,134","5,875","20.8%","52,911","1,401","17.8%","55,161"